home_rank,home_winning_rate,home_winning,away_rank,away_winning_rate,away_winning,temp,insolation,rain,holiday,event,time,target,year,month,MON,TUE,WEN,THUR,FRI,SAT,SUN,LG,DOOSAN,KIA,KT,NC,SSG,LOTTE,SAMSUNG,KIWOOM,HANHWA
1,1,1,6,0,-1,8.2,24.09,0,1,0,0,0.685,2022,4,0,0,0,0,0,1,0,0,1,0,0,0,0,0,0,0,1
1,1,2,8,0,-2,9.6,24.34,0,1,1,0,0.478,2022,4,0,0,0,0,0,0,1,0,1,0,0,0,0,0,0,0,1
3,0.667,2,3,0.667,2,10.3,21.21,0,0,0,1,0.173,2022,4,0,1,0,0,0,0,0,0,1,0,0,0,0,0,1,0,0
4,0.5,-1,3,0.75,3,11.7,21.54,0,0,0,1,0.175,2022,4,0,0,1,0,0,0,0,0,1,0,0,0,0,0,1,0,0
3,0.6,1,3,0.6,-1,10.9,24.3,0,0,0,1,0.171,2022,4,0,0,0,1,0,0,0,0,1,0,0,0,0,0,1,0,0
2,0.833,2,7,0.333,1,12.9,24.92,0,0,1,1,0.447,2022,4,0,0,0,0,1,0,0,1,0,0,0,1,0,0,0,0,0
2,0.857,2,8,0.286,-1,17.8,21.41,1,1,1,0,0.603,2022,4,0,0,0,0,0,1,0,1,0,0,0,1,0,0,0,0,0
2,0.875,4,8,0.25,-2,18.2,24.18,0,1,1,0,0.551,2022,4,0,0,0,0,0,0,1,1,0,0,0,1,0,0,0,0,0
2,0.778,-1,1,1,9,19.3,18.23,1,0,0,1,0.254,2022,4,0,1,0,0,0,0,0,1,0,0,0,0,1,0,0,0,0
2,0.7,1,1,1,10,13.1,4.06,1,0,0,1,0.191,2022,4,0,0,1,0,0,0,0,1,0,0,0,0,1,0,0,0,0
2,0.727,-1,1,0.909,-1,13.2,9.52,0,0,0,1,0.274,2022,4,0,0,0,1,0,0,0,1,0,0,0,0,1,0,0,0,0
4,0.636,-2,2,0.667,7,13.3,26.31,0,0,0,1,0.186,2022,4,0,0,0,0,1,0,0,0,1,0,0,0,0,0,0,1,0
3,0.667,1,4,0.615,-1,13.2,26.64,0,1,0,0,0.41,2022,4,0,0,0,0,0,1,0,0,1,0,0,0,0,0,0,1,0
4,0.615,4,3,0.643,1,14,26,0,1,1,0,0.369,2022,4,0,0,0,0,0,0,1,0,1,0,0,0,0,0,0,1,0
2,0.667,-3,8,0.286,1,15.2,25.17,0,0,0,1,0.191,2022,4,0,1,0,0,0,0,0,1,0,0,1,0,0,0,0,0,0
2,0.625,-1,8,0.333,2,15.7,26.26,0,0,0,1,0.193,2022,4,0,0,1,0,0,0,0,1,0,0,1,0,0,0,0,0,0
3,0.588,-2,8,0.375,3,16.3,19.54,0,0,0,1,0.186,2022,4,0,0,0,1,0,0,0,1,0,0,1,0,0,0,0,0,0
3,0.588,2,2,0.611,1,15,3.06,0,0,0,1,0.357,2022,4,0,0,0,0,1,0,0,1,1,0,0,0,0,0,0,0,0
2,0.611,3,3,0.579,-1,17.7,23.47,0,1,0,0,0.749,2022,4,0,0,0,0,0,1,0,1,1,0,0,0,0,0,0,0,0
3,0.579,3,2,0.6,1,18.5,20.45,0,1,1,0,0.625,2022,4,0,0,0,0,0,0,1,1,1,0,0,0,0,0,0,0,0
2,0.6,-1,10,0.286,-1,21.9,24.94,1,0,0,1,0.153,2022,4,0,1,0,0,0,0,0,0,1,0,0,1,0,0,0,0,0
2,0.619,-1,10,0.273,-2,17.7,26.83,0,0,0,1,0.145,2022,4,0,0,1,0,0,0,0,0,1,0,0,1,0,0,0,0,0
3,0.591,6,10,0.304,1,18.2,22.34,0,0,0,1,0.22,2022,4,0,0,0,1,0,0,0,0,1,0,0,1,0,0,0,0,0
3,0.583,7,2,0.591,2,13.4,13.08,16,0,0,1,0.66,2022,4,0,0,0,0,1,0,0,1,0,0,0,0,0,1,0,0,0
3,0.56,-2,2,0.609,3,13,12.52,0,1,0,0,0.969,2022,4,0,0,0,0,0,1,0,1,0,0,0,0,0,1,0,0,0
5,0.538,5,2,0.625,4,13.4,27.41,0,1,0,0,0.864,2022,5,0,0,0,0,0,0,1,1,0,0,0,0,0,1,0,0,0
4,0.556,2,5,0.538,-1,14.8,28.07,0,0,0,1,0.426,2022,5,0,1,0,0,0,0,0,1,1,0,0,0,0,0,0,0,0
5,0.536,-1,4,0.556,1,17.8,27.22,0,0,0,1,0.61,2022,5,0,0,1,0,0,0,0,1,1,0,0,0,0,0,0,0,0
5,0.517,-2,3,0.571,2,18.9,29.35,0,1,1,0,1,2022,5,0,0,0,1,0,0,0,1,1,0,0,0,0,0,0,0,0
4,0.552,1,6,0.483,2,19.6,25.6,0,0,0,1,0.367,2022,5,0,0,0,0,1,0,0,0,1,0,1,0,0,0,0,0,0
2,0.567,-1,7,0.467,-1,18.4,22.57,1,1,0,0,0.444,2022,5,0,0,0,0,0,1,0,0,1,0,1,0,0,0,0,0,0
3,0.548,3,7,0.484,1,15.3,6.2,2,1,1,0,0.3,2022,5,0,0,0,0,0,0,1,0,1,0,1,0,0,0,0,0,0
2,0.576,4,9,0.333,-5,19.9,27.82,0,0,0,1,0.306,2022,5,0,1,0,0,0,0,0,1,0,0,0,0,0,0,0,0,1
2,0.588,1,9,0.324,-6,19.7,25.73,0,0,0,1,0.34,2022,5,0,0,1,0,0,0,0,1,0,0,0,0,0,0,0,0,1
2,0.6,2,9,0.314,-7,20.9,27.45,0,0,0,1,0.363,2022,5,0,0,0,1,0,0,0,1,0,0,0,0,0,0,0,0,1
3,0.583,-1,5,0.514,2,19.4,19.95,0,0,0,1,0.817,2022,5,0,0,0,0,1,0,0,1,0,1,0,0,0,0,0,0,0
2,0.595,1,7,0.5,-1,15.7,22.58,0,1,1,0,1,2022,5,0,0,0,0,0,1,0,1,0,1,0,0,0,0,0,0,0
2,0.605,2,7,0.486,-2,16.2,30.01,0,1,0,0,0.973,2022,5,0,0,0,0,0,0,1,1,0,1,0,0,0,0,0,0,0
3,0.556,-1,1,0.676,-1,20,27.56,0,0,0,1,0.242,2022,5,0,1,0,0,0,0,0,0,1,0,0,0,1,0,0,0,0
3,0.541,1,1,0.684,1,20,15.71,2,0,0,1,0.235,2022,5,0,0,1,0,0,0,0,0,1,0,0,0,1,0,0,0,0
5,0.526,-1,1,0.692,2,19.9,20.97,0,0,0,1,0.31,2022,5,0,0,0,1,0,0,0,0,1,0,0,0,1,0,0,0,0
7,0.513,1,6,0.525,1,20.6,25.74,0,0,1,1,0.652,2022,5,0,0,0,0,1,0,0,0,1,0,0,0,0,1,0,0,0
4,0.525,1,7,0.512,-1,20.1,24.88,0,1,0,0,0.867,2022,5,0,0,0,0,0,1,0,0,1,0,0,0,0,1,0,0,0
7,0.512,1,6,0.524,1,20.3,24.3,0,1,1,0,0.806,2022,5,0,0,0,0,0,0,1,0,1,0,0,0,0,1,0,0,0
2,0.578,-1,3,0.556,1,22.9,28.86,0,0,0,1,0.256,2022,5,0,1,0,0,0,0,0,1,0,0,0,0,0,0,0,1,0
2,0.565,-1,2,0.565,2,21,22.59,4,0,1,1,0.292,2022,5,0,0,1,0,0,0,0,1,0,0,0,0,0,0,0,1,0
4,0.553,1,2,0.574,3,18.7,28.88,0,0,0,1,0.28,2022,5,0,0,0,1,0,0,0,1,0,0,0,0,0,0,0,1,0
3,0.563,2,6,0.489,-4,20,28.71,0,0,1,1,0.58,2022,5,0,0,0,0,1,0,0,1,0,0,0,0,0,0,1,0,0
3,0.571,3,6,0.479,-5,22.3,27.49,0,1,1,0,0.888,2022,5,0,0,0,0,0,1,0,1,0,0,0,0,0,0,1,0,0
3,0.56,-1,6,0.49,1,23.1,21.5,0,1,1,0,0.734,2022,5,0,0,0,0,0,0,1,1,0,0,0,0,0,0,1,0,0
5,0.5,-2,3,0.56,1,20.7,27.48,0,0,0,1,0.766,2022,5,0,1,0,0,0,0,0,0,1,1,0,0,0,0,0,0,0
6,0.49,-1,3,0.569,2,22.1,30.79,0,1,0,0,0.979,2022,6,0,0,1,0,0,0,0,0,1,1,0,0,0,0,0,0,0
6,0.48,-1,3,0.577,3,21.5,27.13,0,0,0,1,0.464,2022,6,0,0,0,1,0,0,0,0,1,1,0,0,0,0,0,0,0
3,0.566,1,1,0.673,-2,24.5,27.2,0,0,1,1,0.399,2022,6,0,0,0,0,1,0,0,1,0,0,0,0,1,0,0,0,0
3,0.574,2,1,0.66,-3,25.6,18.22,0,1,1,0,0.688,2022,6,0,0,0,0,0,1,0,1,0,0,0,0,1,0,0,0,0
3,0.564,-1,1,0.667,1,22.7,8.16,0,1,1,0,0.63,2022,6,0,0,0,0,0,0,1,1,0,0,0,0,1,0,0,0,0
6,0.491,-1,9,0.375,-2,20.6,17.34,0,0,0,1,0.198,2022,6,0,1,0,0,0,0,0,0,1,0,0,0,0,0,0,0,1
6,0.481,-2,9,0.386,1,21.2,16.97,0,0,0,1,0.206,2022,6,0,0,1,0,0,0,0,0,1,0,0,0,0,0,0,0,1
6,0.491,-3,9,0.379,-1,20.9,10.66,3,0,0,1,0.278,2022,6,0,0,0,1,0,0,0,0,1,0,0,0,0,0,0,0,1
3,0.569,1,6,0.482,-1,20.9,15.38,1,0,1,1,0.496,2022,6,0,0,0,0,1,0,0,1,1,0,0,0,0,0,0,0,0
3,0.559,-1,5,0.491,1,24.6,26.54,0,1,1,0,0.801,2022,6,0,0,0,0,0,1,0,1,1,0,0,0,0,0,0,0,0
3,0.567,5,6,0.483,-1,24.6,24.52,0,1,1,0,0.641,2022,6,0,0,0,0,0,0,1,1,1,0,0,0,0,0,0,0,0
3,0.574,1,6,0.475,-1,21.5,18.58,0,0,0,1,0.287,2022,6,0,1,0,0,0,0,0,1,0,0,0,0,0,0,1,0,0
3,0.565,1,6,0.484,1,17.5,5.62,19,0,0,1,0.266,2022,6,0,0,1,0,0,0,0,1,0,0,0,0,0,0,1,0,0
3,0.571,2,6,0.476,-1,20.3,13,1,0,0,1,0.378,2022,6,0,0,0,1,0,0,0,1,0,0,0,0,0,0,1,0,0
7,0.468,-1,5,0.492,1,22.5,17.86,0,0,0,1,0.206,2022,6,0,0,0,0,1,0,0,0,1,0,1,0,0,0,0,0,0
7,0.476,1,5,0.484,-1,23.3,6.07,0,1,0,0,0.38,2022,6,0,0,0,0,0,1,0,0,1,0,1,0,0,0,0,0,0
7,0.469,2,5,0.492,1,23.4,5.06,0,1,1,0,0.293,2022,6,0,0,0,0,0,0,1,0,1,0,1,0,0,0,0,0,0
3,0.582,2,10,0.333,-9,26.5,28.94,0,0,1,1,0.308,2022,6,0,1,0,0,0,0,0,1,0,0,0,0,0,0,0,0,1
3,0.588,-1,10,0.328,-10,25.9,22.39,0,0,1,1,0.345,2022,6,0,0,1,0,0,0,0,1,0,0,0,0,0,0,0,0,1
6,0.463,-1,4,0.544,2,22.6,8.5,19,0,1,1,0.609,2022,6,0,0,0,0,1,0,0,0,1,1,0,0,0,0,0,0,0
7,0.456,-1,4,0.551,3,26,17.55,0,1,1,0,0.93,2022,6,0,0,0,0,0,1,0,0,1,1,0,0,0,0,0,0,0
7,0.464,-1,4,0.543,-1,26.5,3,0,1,1,0,0.686,2022,6,0,0,0,0,0,0,1,0,1,1,0,0,0,0,0,0,0
3,0.597,-5,9,0.386,-4,26.9,3.33,6,0,0,1,0.142,2022,6,0,1,0,0,0,0,0,1,0,0,0,1,0,0,0,0,0
3,0.603,-2,7,0.451,-1,26.6,21.53,0,0,0,1,0.515,2022,7,0,0,0,0,1,0,0,1,0,0,0,0,0,1,0,0,0
3,0.595,-3,7,0.458,1,28.8,25.83,0,1,1,1,0.789,2022,7,0,0,0,0,0,1,0,1,0,0,0,0,0,1,0,0,0
3,0.6,-4,7,0.452,-1,29.3,26.25,0,1,1,0,1,2022,7,0,0,0,0,0,0,1,1,0,0,0,0,0,1,0,0,0
8,0.432,1,2,0.646,9,29.2,15.99,0,0,1,1,0.18,2022,7,0,1,0,0,0,0,0,0,1,0,0,0,0,0,0,1,0
8,0.44,2,2,0.638,-1,29.5,14.49,16,0,0,1,0.123,2022,7,0,0,1,0,0,0,0,0,1,0,0,0,0,0,0,1,0
6,0.447,-2,2,0.63,-2,28.2,8.29,0,0,0,1,0.159,2022,7,0,0,0,1,0,0,0,0,1,0,0,0,0,0,0,1,0
6,0.442,-3,3,0.62,5,25.8,6.94,2,0,0,1,0.416,2022,7,0,0,0,0,1,0,0,1,1,0,0,0,0,0,0,0,0
6,0.436,5,3,0.625,6,26.9,13.64,0,1,0,1,0.675,2022,7,0,0,0,0,0,1,0,1,1,0,0,0,0,0,0,0,0
7,0.43,-5,3,0.63,7,29.2,23.08,0,1,1,0,0.462,2022,7,0,0,0,0,0,0,1,1,1,0,0,0,0,0,0,0,0
3,0.622,9,5,0.519,4,26.8,11.82,0,0,0,1,0.611,2022,7,0,1,0,0,0,0,0,1,0,1,0,0,0,0,0,0,0
3,0.627,1,5,0.512,-1,25.7,17.21,1,0,0,1,0.614,2022,7,0,0,0,1,0,0,0,1,0,1,0,0,0,0,0,0,0
7,0.434,-2,1,0.69,7,25.1,13.54,5,0,1,1,0.262,2022,7,0,0,0,0,1,0,0,0,1,0,0,0,1,0,0,0,0
7,0.429,-3,1,0.694,8,25,8.82,1,1,1,0,0.262,2022,7,0,0,0,0,0,0,1,0,1,0,0,0,1,0,0,0,0
7,0.435,1,6,0.442,-4,28.9,22.31,0,0,0,1,0.247,2022,7,0,1,0,0,0,0,0,0,1,0,0,0,0,1,0,0,0
6,0.442,-1,7,0.437,-5,29.3,19.72,0,0,0,1,0.215,2022,7,0,0,1,0,0,0,0,0,1,0,0,0,0,1,0,0,0
6,0.448,-1,7,0.432,-6,29.7,25.2,0,0,1,1,0.413,2022,7,0,0,0,1,0,0,0,0,1,0,0,0,0,1,0,0,0
3,0.6,-4,4,0.551,3,30.7,20.28,0,0,0,1,0.384,2022,7,0,0,0,0,1,0,0,1,0,0,1,0,0,0,0,0,0
3,0.604,-5,4,0.544,-1,30.9,23.53,1,1,1,1,0.446,2022,7,0,0,0,0,0,1,0,1,0,0,1,0,0,0,0,0,0
6,0.456,1,9,0.409,-2,27.1,8.74,51,0,1,1,0.258,2022,8,0,0,1,0,0,0,0,0,1,0,0,0,0,0,1,0,0
6,0.451,2,9,0.415,1,28.9,22.24,0,0,0,1,0.313,2022,8,0,0,0,1,0,0,0,0,1,0,0,0,0,0,1,0,0
3,0.6,3,2,0.608,1,29.4,19.58,0,0,0,1,0.455,2022,8,0,0,0,0,1,0,0,1,0,0,0,0,0,0,0,1,0
2,0.604,-1,3,0.602,-1,28.7,7.48,14,1,0,1,0.478,2022,8,0,0,0,0,0,1,0,1,0,0,0,0,0,0,0,1,0
2,0.608,-2,3,0.596,-2,28.9,9.26,1,1,1,0,0.438,2022,8,0,0,0,0,0,0,1,1,0,0,0,0,0,0,0,1,0
6,0.453,-1,7,0.436,3,24.7,16.23,8,0,1,1,0.113,2022,8,0,0,1,0,0,0,0,0,1,0,0,1,0,0,0,0,0
6,0.448,-1,7,0.442,4,25,8.81,39,0,1,1,0.084,2022,8,0,0,0,1,0,0,0,0,1,0,0,1,0,0,0,0,0
6,0.454,-2,8,0.438,-1,27,24.86,0,0,1,1,0.155,2022,8,0,0,0,0,1,0,0,0,1,0,0,1,0,0,0,0,0
6,0.449,1,1,0.693,1,25.8,5.06,4,1,1,1,0.28,2022,8,0,0,0,0,0,1,0,0,1,0,0,0,1,0,0,0,0
7,0.444,1,1,0.696,2,27.6,13.95,3,1,0,0,0.294,2022,8,0,0,0,0,0,0,1,0,1,0,0,0,1,0,0,0,0
2,0.61,-1,9,0.412,-3,26.7,23.34,0,0,0,1,0.407,2022,8,0,1,0,0,0,0,0,1,0,0,0,0,0,0,1,0,0
2,0.614,-2,9,0.408,-4,26,17.1,0,0,1,1,0.387,2022,8,0,0,1,0,0,0,0,1,0,0,0,0,0,0,1,0,0
8,0.446,-1,3,0.57,-3,25.6,12.57,0,0,1,1,0.148,2022,8,0,0,0,1,0,0,0,0,1,0,0,0,0,0,0,1,0
2,0.621,1,8,0.441,-1,28.2,23.65,0,1,1,1,0.737,2022,8,0,0,0,0,0,1,0,1,1,0,0,0,0,0,0,0,0
2,0.615,2,8,0.447,1,28.1,16.37,0,1,1,0,0.608,2022,8,0,0,0,0,0,0,1,1,1,0,0,0,0,0,0,0,0
8,0.442,2,3,0.561,2,25.4,20.42,2,0,1,1,0.129,2022,8,0,1,0,0,0,0,0,0,1,0,1,0,0,0,0,0,0
8,0.438,2,3,0.565,3,24.8,12.34,0,0,1,1,0.119,2022,8,0,0,1,0,0,0,0,0,1,0,1,0,0,0,0,0,0
2,0.607,-1,5,0.505,1,22.2,4.5,2,0,1,1,0.601,2022,8,0,0,0,1,0,0,0,1,0,1,0,0,0,0,0,0,0
2,0.611,1,5,0.5,-1,23.8,19.91,0,0,1,1,0.764,2022,8,0,0,0,0,1,0,0,1,0,1,0,0,0,0,0,0,0
2,0.615,2,4,0.561,-1,21.5,27.09,18,1,1,1,0.642,2022,8,0,0,0,0,0,1,0,1,0,0,0,0,0,0,0,1,0
2,0.618,3,4,0.557,-2,22.6,24.53,0,1,1,0,0.544,2022,8,0,0,0,0,0,0,1,1,0,0,0,0,0,0,0,1,0
2,0.622,4,7,0.444,-1,21.7,10.32,0,0,0,1,0.36,2022,8,0,0,1,0,0,0,0,1,0,0,0,1,0,0,0,0,0
8,0.432,-2,6,0.452,-3,24,25.02,0,0,1,1,0.262,2022,9,0,0,0,1,0,0,0,0,1,0,0,0,0,1,0,0,0
8,0.429,-3,6,0.457,1,24.7,24.51,0,1,1,1,0.341,2022,9,0,0,0,0,1,0,0,0,1,0,0,0,0,1,0,0,0
9,0.425,4,8,0.431,1,24.2,16.39,0,1,1,0,0.552,2022,9,0,0,0,0,0,1,0,0,1,0,0,0,0,0,1,0,0
2,0.626,-4,1,0.667,1,21,20.76,25,0,1,1,0.544,2022,9,0,1,0,0,0,0,0,1,0,0,0,0,1,0,0,0,0
2,0.626,1,1,0.667,1,22.8,24.4,0,0,1,1,0.639,2022,9,0,0,1,0,0,0,0,1,0,0,0,0,1,0,0,0,0
9,0.414,2,10,0.319,1,23.2,23.96,0,0,1,1,0.2,2022,9,0,0,0,1,0,0,0,0,1,0,0,0,0,0,0,0,1
9,0.419,-2,10,0.317,-1,24.3,23.91,0,0,0,0,0.24,2022,9,0,0,0,0,1,0,0,0,1,0,0,0,0,0,0,0,1
9,0.415,-1,5,0.508,4,23.6,18.76,0,1,1,0,0.566,2022,9,0,0,0,0,0,1,0,0,1,1,0,0,0,0,0,0,0
9,0.42,-2,5,0.504,-1,23.3,10.27,0,1,1,0,0.871,2022,9,0,0,0,0,0,0,1,0,1,1,0,0,0,0,0,0,0
9,0.417,1,2,0.625,1,24.3,7.38,0,0,1,1,0.286,2022,9,0,1,0,0,0,0,0,1,1,0,0,0,0,0,0,0,0
9,0.421,1,2,0.62,-1,24.6,10.09,0,0,0,1,0.299,2022,9,0,0,1,0,0,0,0,1,1,0,0,0,0,0,0,0,0
2,0.623,-1,4,0.556,-2,25.2,12.29,0,0,1,1,0.405,2022,9,0,0,0,1,0,0,0,1,0,0,1,0,0,0,0,0,0
2,0.626,-1,10,0.331,-1,25.6,11.31,4,1,1,0,0.846,2022,9,0,0,0,0,0,1,0,1,0,0,0,0,0,0,0,0,1
2,0.621,2,10,0.336,1,27.1,15.9,0,1,0,0,0.707,2022,9,0,0,0,0,0,0,1,1,0,0,0,0,0,0,0,0,1
9,0.429,-2,6,0.464,-1,19.9,18.93,0,0,1,1,0.311,2022,9,0,1,0,0,0,0,0,0,1,0,0,1,0,0,0,0,0
9,0.425,-3,6,0.468,1,19.4,22.18,0,0,0,1,0.197,2022,9,0,0,1,0,0,0,0,0,1,0,0,1,0,0,0,0,0
2,0.622,2,7,0.462,3,19.8,17.9,0,0,1,1,0.759,2022,9,0,0,0,1,0,0,0,1,0,0,0,0,0,1,0,0,0
2,0.625,-1,7,0.459,-1,17.5,16.53,3,0,1,1,0.816,2022,9,0,0,0,0,1,0,0,1,0,0,0,0,0,1,0,0,0
2,0.62,1,10,0.331,1,18.5,21.67,0,1,1,0,0.706,2022,9,0,0,0,0,0,1,0,1,0,0,0,0,0,0,0,0,1
9,0.427,-5,10,0.328,-1,19.6,17.94,0,1,0,0,0.404,2022,9,0,0,0,0,0,0,1,0,1,0,0,0,0,0,0,0,1
2,0.624,-2,4,0.566,4,20.4,17.37,0,0,1,1,0.457,2022,9,0,0,0,1,0,0,0,1,0,0,1,0,0,0,0,0,0
2,0.627,-2,6,0.463,-2,20.7,19.27,0,0,1,1,0.466,2022,9,0,0,0,0,1,0,0,1,0,0,0,1,0,0,0,0,0
2,0.622,-2,6,0.467,1,20.9,17.31,0,1,1,0,0.728,2022,10,0,0,0,0,0,1,0,1,0,0,0,1,0,0,0,0,0
2,0.618,1,6,0.471,2,19.4,3.8,16,1,1,0,0.662,2022,10,0,0,0,0,0,0,1,1,0,0,0,1,0,0,0,0,0
2,0.613,-2,5,0.489,2,17.9,6.5,12,0,1,1,0.564,2022,10,0,1,0,0,0,0,0,1,0,1,0,0,0,0,0,0,0
9,0.424,-2,1,0.638,-2,16.6,15.62,0,0,0,1,0.399,2022,10,0,0,1,0,0,0,0,0,1,0,0,0,1,0,0,0,0
9,0.429,1,7,0.457,-1,15.8,7.74,0,0,0,1,0.309,2022,10,0,0,0,1,0,0,0,0,1,0,0,0,0,0,1,0,0
9,0.426,-2,7,0.461,1,14.3,15.08,0,0,0,1,0.492,2022,10,0,0,0,0,1,0,0,0,1,0,0,0,0,0,1,0,0
9,0.423,-3,4,0.563,1,15.8,18.48,0,1,0,0,0.99,2022,10,0,0,0,0,0,1,0,0,1,0,0,0,0,0,0,1,0
3,0.613,1,4,0.563,-1,11.1,18.72,0,0,1,1,0.425,2022,10,0,1,0,0,0,0,0,1,0,0,1,0,0,0,0,0,0
1,1,2,6,0,-1,17.5,21.48,0,1,0,0,1,2023,4,0,0,0,0,0,1,0,0,1,0,0,0,0,1,0,0,0
2,0.5,-3,2,0.5,1,18.8,24.08,0,1,0,0,1,2023,4,0,0,0,0,0,0,1,0,1,0,0,0,0,1,0,0,0
1,0.667,-1,8,0.333,-2,17.6,10.78,7,0,0,1,0.165,2023,4,0,1,0,0,0,0,0,0,1,0,0,1,0,0,0,0,0
4,0.5,-1,4,0.5,1,11.9,1.56,50,0,0,1,0.091,2023,4,0,0,1,0,0,0,0,0,1,0,0,1,0,0,0,0,0
2,0.6,-1,8,0.4,-1,8.8,2.15,3,0,0,1,0.157,2023,4,0,0,0,1,0,0,0,0,1,0,0,1,0,0,0,0,0
2,0.667,1,7,0.4,-2,8.9,23.34,0,0,0,1,0.724,2023,4,0,0,0,0,1,0,0,1,0,0,0,0,0,0,1,0,0
3,0.714,3,8,0.333,-3,8.8,25.74,0,1,0,0,0.932,2023,4,0,0,0,0,0,1,0,1,0,0,0,0,0,0,1,0,0
2,0.75,1,9,0.286,-4,10.8,25.54,0,1,0,0,0.861,2023,4,0,0,0,0,0,0,1,1,0,0,0,0,0,0,1,0,0
2,0.667,2,7,0.333,-5,13.1,2.01,3,0,1,1,0.184,2023,4,0,1,0,0,0,0,0,0,1,0,0,0,0,0,0,1,0
4,0.6,-1,7,0.4,1,11.9,16.17,0,0,0,1,0.291,2023,4,0,0,0,1,0,0,0,0,1,0,0,0,0,0,0,1,0
2,0.667,1,4,0.545,-2,16.2,14.25,0,0,0,1,0.696,2023,4,0,0,0,0,1,0,0,1,1,0,0,0,0,0,0,0,0
2,0.692,2,4,0.5,-3,13.5,9.5,5,1,1,0,0.894,2023,4,0,0,0,0,0,1,0,1,1,0,0,0,0,0,0,0,0
2,0.643,-1,4,0.538,1,10.8,14.45,0,1,1,0,0.846,2023,4,0,0,0,0,0,0,1,1,1,0,0,0,0,0,0,0,0
3,0.6,-2,1,0.667,3,14,10.85,2,0,0,1,0.277,2023,4,0,1,0,0,0,0,0,1,0,0,0,1,0,0,0,0,0
1,0.625,1,1,0.625,-1,19.1,27.82,0,0,0,1,0.299,2023,4,0,0,1,0,0,0,0,1,0,0,0,1,0,0,0,0,0
1,0.647,2,3,0.588,-2,15.8,4.12,1,0,1,1,0.383,2023,4,0,0,0,1,0,0,0,1,0,0,0,1,0,0,0,0,0
3,0.588,2,5,0.5,-2,16.7,21.05,0,0,0,1,0.29,2023,4,0,0,0,0,1,0,0,0,1,0,1,0,0,0,0,0,0
3,0.611,3,6,0.467,-3,16.9,21.2,0,1,0,0,0.565,2023,4,0,0,0,0,0,1,0,0,1,0,1,0,0,0,0,0,0
3,0.611,3,6,0.467,-3,16.1,19.47,0,1,0,0,0.427,2023,4,0,0,0,0,0,0,1,0,1,0,1,0,0,0,0,0,0
1,0.667,1,2,0.632,-1,10.9,5.22,0,0,0,1,0.309,2023,4,0,1,0,0,0,0,0,1,0,0,0,0,1,0,0,0,0
2,0.636,-1,1,0.65,1,10.2,15.52,0,0,0,1,0.439,2023,4,0,0,1,0,0,0,0,1,0,0,0,0,1,0,0,0,0
1,0.652,1,2,0.619,-1,12.9,26.55,0,0,1,1,0.55,2023,4,0,0,0,1,0,0,0,1,0,0,0,0,1,0,0,0,0
2,0.625,-1,7,0.476,3,15.7,21.25,2,0,1,1,0.956,2023,4,0,0,0,0,1,0,0,1,0,1,0,0,0,0,0,0,0
3,0.6,-2,5,0.5,4,13.2,6.04,25,1,1,0,1,2023,4,0,0,0,0,0,1,0,1,0,1,0,0,0,0,0,0,0
3,0.577,-3,5,0.522,5,12.7,19.71,0,1,0,0,1,2023,4,0,0,0,0,0,0,1,1,0,1,0,0,0,0,0,0,0
4,0.542,2,10,0.25,-6,16.7,21.58,0,0,1,1,0.414,2023,5,0,1,0,0,0,0,0,0,1,0,0,0,0,0,0,0,1
4,0.52,-1,10,0.28,1,19.5,26.2,0,0,0,1,0.601,2023,5,0,0,1,0,0,0,0,0,1,0,0,0,0,0,0,0,1
5,0.5,-2,10,0.308,2,21.4,16.89,0,0,1,1,0.456,2023,5,0,0,0,1,0,0,0,0,1,0,0,0,0,0,0,0,1
6,0.481,-3,3,0.621,3,14.4,12.18,0,1,1,0,0.929,2023,5,0,0,0,0,0,0,1,1,1,0,0,0,0,0,0,0,0
2,0.633,4,8,0.419,-5,17,28.29,0,0,0,1,0.439,2023,5,0,1,0,0,0,0,0,1,0,0,0,0,0,0,0,1,0
3,0.613,-1,8,0.438,1,18.4,25.58,0,0,0,1,0.511,2023,5,0,0,1,0,0,0,0,1,0,0,0,0,0,0,0,1,0
3,0.625,1,8,0.424,-1,19.5,27.64,0,0,1,1,0.496,2023,5,0,0,0,1,0,0,0,1,0,0,0,0,0,0,0,1,0
5,0.484,1,7,0.483,-3,18.4,19.9,0,0,0,1,0.866,2023,5,0,0,0,0,1,0,0,0,1,1,0,0,0,0,0,0,0
5,0.5,2,7,0.467,-4,17.8,23.86,0,1,0,0,1,2023,5,0,0,0,0,0,1,0,0,1,1,0,0,0,0,0,0,0
5,0.515,3,7,0.452,-5,18.1,25.41,0,1,0,0,1,2023,5,0,0,0,0,0,0,1,0,1,1,0,0,0,0,0,0,0
3,0.611,-1,10,0.313,1,24,27.62,0,0,0,1,0.361,2023,5,0,1,0,0,0,0,0,1,0,0,1,0,0,0,0,0,0
3,0.622,1,10,0.303,-1,23.5,27.59,0,0,0,1,0.414,2023,5,0,0,1,0,0,0,0,1,0,0,1,0,0,0,0,0,0
3,0.632,2,10,0.294,-2,21.2,13.7,1,0,0,1,0.385,2023,5,0,0,0,1,0,0,0,1,0,0,1,0,0,0,0,0,0
2,0.641,3,9,0.361,-2,22.3,25.57,0,0,1,1,0.834,2023,5,0,0,0,0,1,0,0,1,0,0,0,0,0,0,0,0,1
1,0.641,3,9,0.361,-2,21.2,25.72,0,1,1,0,1,2023,5,0,0,0,0,0,1,0,1,0,0,0,0,0,0,0,0,1
1,0.65,4,9,0.351,-3,17.8,20.72,0,1,1,0,0.929,2023,5,0,0,0,0,0,0,1,1,0,0,0,0,0,0,0,0,1
4,0.525,1,8,0.436,-1,20.5,29.85,0,0,0,1,0.452,2023,5,0,1,0,0,0,0,0,0,1,0,0,0,0,0,1,0,0
4,0.512,-1,7,0.45,1,20.6,19.16,0,0,1,1,0.468,2023,5,0,0,1,0,0,0,0,0,1,0,0,0,0,0,1,0,0
4,0.524,1,7,0.439,-1,21.2,27.9,0,0,0,1,0.463,2023,5,0,0,0,1,0,0,0,0,1,0,0,0,0,0,1,0,0
4,0.512,-1,2,0.636,1,21.4,26.25,1,0,0,1,0.439,2023,5,0,0,0,0,1,0,0,0,1,0,0,0,1,0,0,0,0
1,0.66,2,3,0.605,-2,24,18.2,0,0,0,1,0.856,2023,5,0,1,0,0,0,0,0,1,0,0,0,0,0,1,0,0,0
1,0.646,-1,3,0.614,1,22.8,23.98,0,0,0,1,0.896,2023,5,0,0,1,0,0,0,0,1,0,0,0,0,0,1,0,0,0
1,0.653,1,3,0.6,-1,22.8,15.18,0,0,1,1,0.927,2023,6,0,0,0,1,0,0,0,1,0,0,0,0,0,1,0,0,0
2,0.64,-1,5,0.511,1,20.4,14.24,0,0,1,1,0.431,2023,6,0,0,0,0,1,0,0,1,0,0,0,1,0,0,0,0,0
2,0.627,-2,4,0.521,2,22,31.19,0,1,1,0,0.795,2023,6,0,0,0,0,0,1,0,1,0,0,0,1,0,0,0,0,0
2,0.615,-3,4,0.531,3,22.1,28.74,0,1,1,0,0.636,2023,6,0,0,0,0,0,0,1,1,0,0,0,1,0,0,0,0,0
5,0.51,1,9,0.388,-1,20.3,21.98,0,1,0,0,0.89,2023,6,0,1,0,0,0,0,0,0,1,0,0,0,0,0,0,0,1
5,0.52,2,10,0.38,-2,21.4,10.07,0,0,0,1,0.358,2023,6,0,0,1,0,0,0,0,0,1,0,0,0,0,0,0,0,1
5,0.529,3,10,0.373,-3,20.4,10.19,2,0,1,1,0.358,2023,6,0,0,0,1,0,0,0,0,1,0,0,0,0,0,0,0,1
5,0.519,-1,6,0.471,1,23.3,28.15,1,0,0,1,0.684,2023,6,0,0,0,0,1,0,0,0,1,1,0,0,0,0,0,0,0
5,0.509,-2,6,0.481,2,23.2,18.18,1,1,0,0,0.936,2023,6,0,0,0,0,0,1,0,0,1,1,0,0,0,0,0,0,0
5,0.519,1,6,0.472,-1,22.1,21.1,32,1,0,0,0.784,2023,6,0,0,0,0,0,0,1,0,1,1,0,0,0,0,0,0,0
2,0.603,2,7,0.439,-1,22,25.43,0,0,0,1,0.467,2023,6,0,1,0,0,0,0,0,1,0,0,0,0,0,0,1,0,0
2,0.61,3,8,0.431,-2,20.6,13.12,31,0,0,1,0.494,2023,6,0,0,1,0,0,0,0,1,0,0,0,0,0,0,1,0,0
1,0.617,4,8,0.424,-3,22.7,25.05,0,0,1,1,0.506,2023,6,0,0,0,1,0,0,0,1,0,0,0,0,0,0,1,0,0
1,0.623,5,5,0.5,-3,23.7,29.89,0,0,1,1,0.793,2023,6,0,0,0,0,1,0,0,1,1,0,0,0,0,0,0,0,0
2,0.613,-1,5,0.508,1,24.2,27.4,0,1,1,0,0.963,2023,6,0,0,0,0,0,1,0,1,1,0,0,0,0,0,0,0,0
1,0.619,1,5,0.5,-1,25.9,28.79,0,1,1,0,0.802,2023,6,0,0,0,0,0,0,1,1,1,0,0,0,0,0,0,0,0
5,0.492,-2,1,0.619,1,24.7,5.89,6,0,1,1,0.26,2023,6,0,1,0,0,0,0,0,0,1,0,0,0,1,0,0,0,0
5,0.484,-3,1,0.625,2,20.5,4.79,25,0,1,1,0.23,2023,6,0,0,1,0,0,0,0,0,1,0,0,0,1,0,0,0,0
6,0.476,-4,1,0.631,3,22.5,21.48,0,0,0,1,0.307,2023,6,0,0,0,1,0,0,0,0,1,0,0,0,1,0,0,0,0
2,0.612,-1,4,0.516,1,24.4,18.74,0,0,1,1,0.888,2023,6,0,0,0,0,1,0,0,1,0,0,0,0,0,1,0,0,0
2,0.618,1,4,0.508,-1,26.4,21.93,0,1,1,0,1,2023,6,0,0,0,0,0,1,0,1,0,0,0,0,0,1,0,0,0
2,0.623,2,4,0.5,-2,28.2,23.62,0,1,1,0,0.878,2023,6,0,0,0,0,0,0,1,1,0,0,0,0,0,1,0,0,0
5,0.493,2,3,0.53,-5,25.3,20.95,3,0,0,1,0.223,2023,6,0,1,0,0,0,0,0,0,1,0,0,1,0,0,0,0,0
6,0.485,-1,3,0.537,1,26.5,18.56,0,0,0,1,0.227,2023,6,0,0,1,0,0,0,0,0,1,0,0,1,0,0,0,0,0
1,0.639,5,9,0.439,-3,25.3,10.02,1,0,1,1,0.866,2023,6,0,0,0,0,1,0,0,1,0,1,0,0,0,0,0,0,0
1,0.63,-1,9,0.448,1,27.7,29.21,0,1,0,1,1,2023,7,0,0,0,0,0,1,0,1,0,1,0,0,0,0,0,0,0
1,0.635,1,9,0.441,-1,26.7,19.16,0,1,1,0,0.882,2023,7,0,0,0,0,0,0,1,1,0,1,0,0,0,0,0,0,0
1,0.627,-1,7,0.479,4,24.5,19.96,15,0,0,1,0.409,2023,7,0,0,1,0,0,0,0,1,0,0,1,0,0,0,0,0,0
1,0.632,1,7,0.472,-1,27.3,25.47,0,0,1,1,0.452,2023,7,0,0,0,1,0,0,0,1,0,0,1,0,0,0,0,0,0
3,0.52,6,6,0.481,-2,26.7,23.96,0,0,0,1,0.595,2023,7,0,0,0,0,1,0,0,0,1,0,0,0,0,0,0,1,0
3,0.526,7,6,0.475,-3,25.6,13.93,0,1,0,1,0.828,2023,7,0,0,0,0,0,1,0,0,1,0,0,0,0,0,0,1,0
3,0.532,8,7,0.469,-4,24.7,8.07,48,1,0,0,0.483,2023,7,0,0,0,0,0,0,1,0,1,0,0,0,0,0,0,1,0
1,0.62,-2,8,0.459,2,25.8,12.34,1,0,0,1,0.75,2023,7,0,0,1,0,0,0,0,1,0,0,0,0,0,0,0,0,1
1,0.613,-3,2,0.595,1,29.5,23.64,0,0,0,1,0.738,2023,7,0,0,0,0,1,0,0,1,0,0,0,0,1,0,0,0,0
3,0.55,1,6,0.481,-3,27.8,16.84,6,0,0,1,0.535,2023,7,0,1,0,0,0,0,0,0,1,0,0,0,0,1,0,0,0
3,0.543,-1,6,0.488,1,27.6,15.79,1,0,0,1,0.573,2023,7,0,0,1,0,0,0,0,0,1,0,0,0,0,1,0,0,0
3,0.537,-2,5,0.494,2,28.4,18.25,0,0,0,1,0.527,2023,7,0,0,0,1,0,0,0,0,1,0,0,0,0,1,0,0,0
3,0.53,-3,1,0.607,2,29.5,23.36,0,0,0,1,0.715,2023,7,0,0,0,0,1,0,0,1,1,0,0,0,0,0,0,0,0
3,0.524,-4,1,0.612,3,29.1,18.5,0,1,0,1,0.89,2023,7,0,0,0,0,0,1,0,1,1,0,0,0,0,0,0,0,0
3,0.518,-5,1,0.616,4,28.8,21.99,25,1,0,0,0.821,2023,7,0,0,0,0,0,0,1,1,1,0,0,0,0,0,0,0,0
1,0.621,5,9,0.441,-3,29.9,21.25,0,0,0,1,0.512,2023,8,0,1,0,0,0,0,0,1,0,0,0,0,0,0,0,1,0
1,0.625,6,9,0.436,-4,29.7,24.81,0,0,0,1,0.494,2023,8,0,0,1,0,0,0,0,1,0,0,0,0,0,0,0,1,0
1,0.629,7,9,0.432,-5,29.5,25.4,0,0,1,1,0.513,2023,8,0,0,0,1,0,0,0,1,0,0,0,0,0,0,0,1,0
4,0.517,-2,3,0.527,7,30,23.13,0,0,0,1,0.268,2023,8,0,0,0,0,1,0,0,0,1,0,1,0,0,0,0,0,0
3,0.522,1,5,0.522,-1,30.3,27.31,0,1,0,1,0.373,2023,8,0,0,0,0,0,1,0,0,1,0,1,0,0,0,0,0,0
5,0.516,-1,4,0.527,1,29.8,12.95,5,1,1,0,0.284,2023,8,0,0,0,0,0,0,1,0,1,0,1,0,0,0,0,0,0
5,0.522,1,10,0.411,-2,30.9,23.96,0,0,0,1,0.359,2023,8,0,1,0,0,0,0,0,0,1,0,0,0,0,0,1,0,0
5,0.516,-1,10,0.417,1,28.3,13.66,0,0,0,1,0.351,2023,8,0,0,1,0,0,0,0,0,1,0,0,0,0,0,1,0,0
1,0.628,3,10,0.412,-2,23.5,3.94,47,0,1,1,0.501,2023,8,0,0,0,0,1,0,0,1,0,0,0,0,0,0,0,1,0
1,0.632,4,10,0.408,-3,23.3,4.19,2,1,1,1,0.742,2023,8,0,0,0,0,0,1,0,1,0,0,0,0,0,0,0,1,0
1,0.635,5,10,0.404,-4,27,17.49,0,1,1,0,0.77,2023,8,0,0,0,0,0,0,1,1,0,0,0,0,0,0,0,1,0
5,0.505,-3,3,0.545,3,28.6,21.84,0,1,0,0,0.466,2023,8,0,1,0,0,0,0,0,0,1,0,1,0,0,0,0,0,0
5,0.5,-4,3,0.55,4,27.3,15.46,0,0,0,1,0.217,2023,8,0,0,1,0,0,0,0,0,1,0,1,0,0,0,0,0,0
7,0.495,-5,3,0.554,5,28.2,18.24,0,0,0,1,0.208,2023,8,0,0,0,1,0,0,0,0,1,0,1,0,0,0,0,0,0
5,0.5,1,4,0.515,-1,29.1,21.24,0,1,0,1,0.515,2023,8,0,0,0,0,0,1,0,0,1,0,0,1,0,0,0,0,0
5,0.495,-1,4,0.52,1,28.3,15.87,0,1,0,0,0.349,2023,8,0,0,0,0,0,0,1,0,1,0,0,1,0,0,0,0,0
1,0.631,1,7,0.476,-4,25.1,12.56,5,0,1,1,0.655,2023,8,0,0,0,1,0,0,0,1,0,0,0,0,0,1,0,0,0
5,0.514,4,3,0.548,-1,26.5,20.42,0,0,0,1,0.352,2023,8,0,0,0,0,1,0,0,0,1,0,0,0,1,0,0,0,0
5,0.509,-1,3,0.552,1,26.4,19.84,0,1,1,1,0.636,2023,8,0,0,0,0,0,1,0,0,1,0,0,0,1,0,0,0,0
6,0.505,-2,3,0.557,2,26.1,12,0,1,1,0,0.476,2023,8,0,0,0,0,0,0,1,0,1,0,0,0,1,0,0,0,0
1,0.617,1,6,0.5,-3,23.9,18.53,0,0,1,1,0.752,2023,8,0,0,0,1,0,0,0,1,1,0,0,0,0,0,0,0,0
1,0.62,2,10,0.408,-8,24.5,24.59,0,0,0,1,0.858,2023,9,0,0,0,0,1,0,0,1,0,0,0,0,0,0,0,0,1
1,0.615,-1,10,0.413,1,25.4,23.72,0,1,0,0,0.993,2023,9,0,0,0,0,0,1,0,1,0,0,0,0,0,0,0,0,1
1,0.609,-2,10,0.419,2,25.8,12.19,0,1,1,0,0.962,2023,9,0,0,0,0,0,0,1,1,0,0,0,0,0,0,0,0,1
6,0.495,-2,5,0.533,9,27.9,22.64,0,0,1,1,0.862,2023,9,0,0,1,0,0,0,0,0,1,1,0,0,0,0,0,0,0
6,0.5,1,5,0.528,-1,26.3,24.56,0,0,1,1,0.919,2023,9,0,0,0,1,0,0,0,0,1,1,0,0,0,0,0,0,0
6,0.504,2,9,0.427,-2,25.3,24.13,0,0,0,1,0.673,2023,9,0,0,0,0,1,0,0,0,1,0,0,0,0,0,1,0,0
6,0.504,1,9,0.429,-1,25.8,22.64,0,1,0,0,0.601,2023,9,0,0,0,0,0,1,0,0,1,0,0,0,0,0,1,0,0
6,0.504,1,9,0.429,-1,25.8,22.64,0,1,0,0,0.906,2023,9,0,0,0,0,0,1,0,0,1,0,0,0,0,0,1,0,0
6,0.509,2,9,0.425,-2,25.7,14.57,0,1,1,0,0.735,2023,9,0,0,0,0,0,0,1,0,1,0,0,0,0,0,1,0,0
6,0.513,3,8,0.442,-1,25.7,12.52,0,0,1,1,0.428,2023,9,0,1,0,0,0,0,0,0,1,0,0,0,0,0,0,0,1
6,0.517,4,5,0.525,-2,23.4,13.7,0,0,1,1,0.306,2023,9,0,0,0,1,0,0,0,0,1,0,0,0,1,0,0,0,0
1,0.605,2,5,0.521,-3,23.9,6.3,39,1,0,0,0.782,2023,9,0,0,0,0,0,1,0,1,0,0,0,0,1,0,0,0,0
1,0.612,4,6,0.512,-5,24.7,12.49,3,1,0,0,0.64,2023,9,0,0,0,0,0,0,1,1,0,0,0,0,1,0,0,0,0
1,0.612,4,6,0.512,-5,24.7,12.49,3,1,0,0,0.599,2023,9,0,0,0,0,0,0,1,1,0,0,0,0,1,0,0,0,0
4,0.525,-1,3,0.555,2,24.1,8.98,0,0,0,1,0.283,2023,9,0,1,0,0,0,0,0,0,1,0,0,1,0,0,0,0,0
1,0.613,-1,3,0.554,1,20.5,20.37,0,0,0,1,0.685,2023,9,0,0,0,0,1,0,0,1,0,0,0,1,0,0,0,0,0
1,0.616,1,8,0.43,-2,21.8,19.69,0,1,1,0,0.959,2023,9,0,0,0,0,0,1,0,1,0,0,0,0,0,0,0,0,1
1,0.619,2,8,0.426,-3,21.8,19.16,0,1,0,0,0.858,2023,9,0,0,0,0,0,0,1,1,0,0,0,0,0,0,0,0,1
1,0.625,4,2,0.557,-2,21.5,6.65,4,0,0,0,0.238,2023,9,0,0,1,0,0,0,0,1,0,0,1,0,0,0,0,0,0
1,0.625,4,2,0.557,-2,21.5,6.65,4,0,0,1,0.62,2023,9,0,0,1,0,0,0,0,1,0,0,1,0,0,0,0,0,0
1,0.62,-1,9,0.423,1,22.7,17.06,0,1,0,0,0.887,2023,9,0,0,0,1,0,0,0,1,0,0,0,0,0,0,1,0,0
4,0.531,1,1,0.615,-2,21.1,16.39,0,1,1,0,0.882,2023,9,0,0,0,0,1,0,0,1,1,0,0,0,0,0,0,0,0
4,0.535,2,1,0.611,-3,19.7,7.45,5,1,1,0,1,2023,9,0,0,0,0,0,1,0,1,1,0,0,0,0,0,0,0,0
4,0.531,-1,1,0.614,1,18.4,20.05,0,1,1,0,1,2023,10,0,0,0,0,0,0,1,1,1,0,0,0,0,0,0,0,0
4,0.534,1,10,0.404,-3,18.2,19.93,0,1,1,0,0.76,2023,10,1,0,0,0,0,0,0,0,1,0,0,0,0,0,0,1,0
4,0.53,-1,10,0.409,1,17.5,9.4,0,1,1,0,0.614,2023,10,0,1,0,0,0,0,0,0,1,0,0,0,0,0,0,1,0
1,0.618,-1,6,0.5,1,15.5,17.92,0,0,0,1,1,2023,10,0,0,0,0,1,0,0,1,0,1,0,0,0,0,0,0,0
4,0.526,-2,7,0.478,1,16.8,13.16,0,1,0,0,0.839,2023,10,0,0,0,0,0,1,0,0,1,0,0,0,0,1,0,0,0
3,0.53,1,7,0.474,-1,17.1,5.92,0,1,1,0,0.901,2023,10,0,0,0,0,0,0,1,0,1,0,0,0,0,1,0,0,0
1,0.609,-3,7,0.478,1,17.4,11.77,1,1,0,0,0.96,2023,10,1,0,0,0,0,0,0,1,0,0,0,0,0,1,0,0,0
1,0.612,1,7,0.475,-1,17.1,18.62,0,0,0,1,0.78,2023,10,0,1,0,0,0,0,0,1,0,0,0,0,0,1,0,0,0
5,0.526,1,4,0.529,-1,17.5,14.4,0,0,0,1,0.299,2023,10,0,0,0,1,0,0,0,0,1,0,0,1,0,0,0,0,0
5,0.529,2,6,0.507,-1,17.5,9.14,0,0,1,1,0.808,2023,10,0,0,0,0,1,0,0,0,1,1,0,0,0,0,0,0,0
1,0.603,-2,3,0.532,3,14.7,6.54,6,1,0,0,0.917,2023,10,0,0,0,0,0,1,0,1,1,0,0,0,0,0,0,0,0
1,0.606,1,5,0.529,-1,16.1,13.73,0,1,1,0,1,2023,10,0,0,0,0,0,0,1,1,1,0,0,0,0,0,0,0,0
5,0.525,-2,3,0.536,1,14.7,18,0,0,0,1,0.667,2023,10,1,0,0,0,0,0,0,0,1,0,0,0,1,0,0,0,0
